nazwa,klub,adres,dzień_tygodnia,godzina,wiek,cena,link
Klub Rodziców: Zajęcia umuzykalniające,Klub Kazimierz,"Krakowska 13/17, 31-062 Kraków",poniedziałek,10:00–11:00,,2 zł / dorosły,https://krakowskieforum.pl/wydarzenie-3651-klub_rodzicow_zajecia_umuzykalniajace-szczegoly-44115.html
Klub Rodziców: MuzykujMy!,Klub Malwa,"Dobrego Pasterza 6, 31-416 Kraków",poniedziałek,09:30,,"2 zł / osoba dorosła, dzieci wstęp wolny!",https://krakowskieforum.pl/wydarzenie-3570-klub_rodzicow_muzykujmy-szczegoly-44138.html
Klub Rodziców: Bystry Bobas,Klub Malwa,"Dobrego Pasterza 6, 31-416 Kraków",wtorek,09:30,,"2 zł / osoba dorosła, dzieci wstęp wolny!",https://krakowskieforum.pl/wydarzenie-3656-klub_rodzicow_bystry_bobas-szczegoly-44151.html
Klub Rodziców: MuzykujMy!,Klub Malwa,"Dobrego Pasterza 6, 31-416 Kraków",wtorek,09:30,,"2 zł / osoba dorosła, dzieci wstęp wolny!",https://krakowskieforum.pl/wydarzenie-3570-klub_rodzicow_muzykujmy-szczegoly-44142.html
Balet dla dzieci w wieku 4-6 lat,Klub Malwa,"Dobrego Pasterza 6, 31-416 Kraków",wtorek,17:00–17:45,4–6 lat,1240 zł / cały kurs (31 zajęć),https://krakowskieforum.pl/wydarzenie-3661-balet_dla_dzieci_w_wieku_4_6_lat-szczegoly-44172.html
Balet dla dzieci w wieku 6-8 lat,Klub Malwa,"Dobrego Pasterza 6, 31-416 Kraków",wtorek,17:45–18:30,6–8 lat,1240 zł / cały kurs (31 zajęć),https://krakowskieforum.pl/wydarzenie-3662-balet_dla_dzieci_w_wieku_6_8_lat-szczegoly-44168.html
Klub Rodziców: MuzykujMy!,Klub Malwa,"Dobrego Pasterza 6, 31-416 Kraków",środa,09:30,,"2 zł / osoba dorosła, dzieci wstęp wolny!",https://krakowskieforum.pl/wydarzenie-3570-klub_rodzicow_muzykujmy-szczegoly-44139.html
Klub Rodziców: MuzykujMy!,Klub Malwa,"Dobrego Pasterza 6, 31-416 Kraków",czwartek,09:30,,"2 zł / osoba dorosła, dzieci wstęp wolny!",https://krakowskieforum.pl/wydarzenie-3570-klub_rodzicow_muzykujmy-szczegoly-44143.html
Klub Rodziców: MuzykujMy!,Klub Malwa,"Dobrego Pasterza 6, 31-416 Kraków",piątek,09:30,,"2 zł / osoba dorosła, dzieci wstęp wolny!",https://krakowskieforum.pl/wydarzenie-3570-klub_rodzicow_muzykujmy-szczegoly-44140.html
Język angielski dla dzieci (4-5 lat),Klub Olsza,"Stanisława ze Skalbmierza 7, 31-436 Kraków",poniedziałek,15:30–16:15,4–5 lat,40 zł / zajęcia,https://krakowskieforum.pl/wydarzenie-3606-jezyk_angielski_dla_dzieci_4_5_lat-szczegoly-43299.html
Język angielski dla dzieci (6-7 lat),Klub Olsza,"Stanisława ze Skalbmierza 7, 31-436 Kraków",poniedziałek,16:20–17:05,6–7 lat,40 zł / zajęcia,https://krakowskieforum.pl/wydarzenie-3607-jezyk_angielski_dla_dzieci_6_7_lat-szczegoly-43328.html
"Klub Rodziców: Zajęcia integracyjno-rozwojowe | grupa I (0-1,5 roku)",Klub Olsza,"Stanisława ze Skalbmierza 7, 31-436 Kraków",wtorek,09:30,"0–1,5 roku",2 zł,https://krakowskieforum.pl/wydarzenie-3591-klub_rodzicow_zajecia_integracyjno-szczegoly-43162.html
"Klub Rodziców: Zajęcia integracyjno-rozwojowe | grupa II (1,5-3 lata)",Klub Olsza,"Stanisława ze Skalbmierza 7, 31-436 Kraków",wtorek,10:30–11:15,"1,5–3 lat",2 zł,https://krakowskieforum.pl/wydarzenie-3592-klub_rodzicow_zajecia_integracyjno-szczegoly-43171.html
Zajęcia umuzykalniające dla dzieci (4-5 lat),Klub Olsza,"Stanisława ze Skalbmierza 7, 31-436 Kraków",wtorek,15:30–16:15,4–5 lat,40 zł / zajęcia,https://krakowskieforum.pl/wydarzenie-3613-zajecia_umuzykalniajace_dla_dzieci_4_5-szczegoly-43474.html
Capoeira dla dzieci (6-9 lat),Klub Olsza,"Stanisława ze Skalbmierza 7, 31-436 Kraków",wtorek,15:45–16:30,6–9 lat,40 zł,https://krakowskieforum.pl/wydarzenie-3611-capoeira_dla_dzieci_6_9_lat-szczegoly-43826.html
Zajęcia teatralne dla dzieci (8-10 lat),Klub Olsza,"Stanisława ze Skalbmierza 7, 31-436 Kraków",wtorek,16:30–17:15,8–10 lat,40 zł / zajęcia,https://krakowskieforum.pl/wydarzenie-3614-zajecia_teatralne_dla_dzieci_8_10_lat-szczegoly-43504.html
Zajęcia teatralne dla dzieci i młodzieży (11-15 lat),Klub Olsza,"Stanisława ze Skalbmierza 7, 31-436 Kraków",wtorek,18:30–20:15,11–15 lat,40 zł / zajęcia,https://krakowskieforum.pl/wydarzenie-3615-zajecia_teatralne_dla_dzieci_i-szczegoly-43534.html
Mini Disco | Zajęcia taneczne dla dzieci (4-5 lat),Klub Olsza,"Stanisława ze Skalbmierza 7, 31-436 Kraków",środa,15:30–16:15,4–5 lat,40 zł / zajęcia,https://krakowskieforum.pl/wydarzenie-3620-mini_disco_zajecia_taneczne_dla_dzieci-szczegoly-43681.html
Zajęcia plastyczne dla dzieci (5-7 lat) | gr. I,Klub Olsza,"Stanisława ze Skalbmierza 7, 31-436 Kraków",środa,15:30–16:15,5–7 lat,35 zł / zajęcia,https://krakowskieforum.pl/wydarzenie-3617-zajecia_plastyczne_dla_dzieci_5_7_lat-szczegoly-43594.html
Mini Disco | Zajęcia taneczne dla dzieci (6-7 lat),Klub Olsza,"Stanisława ze Skalbmierza 7, 31-436 Kraków",środa,16:15–17:00,6–7 lat,40 zł / zajęcia,https://krakowskieforum.pl/wydarzenie-3621-mini_disco_zajecia_taneczne_dla_dzieci-szczegoly-43710.html
Zajęcia plastyczne dla dzieci (5-7 lat) | gr. II,Klub Olsza,"Stanisława ze Skalbmierza 7, 31-436 Kraków",środa,16:30–17:15,5–7 lat,35 zł / zajęcia,https://krakowskieforum.pl/wydarzenie-3618-zajecia_plastyczne_dla_dzieci_5_7_lat-szczegoly-43623.html
Zajęcia taneczne dla dzieci (8-10 lat),Klub Olsza,"Stanisława ze Skalbmierza 7, 31-436 Kraków",środa,17:15–18:00,8–10 lat,40 zł / zajęcia,https://krakowskieforum.pl/wydarzenie-3622-zajecia_taneczne_dla_dzieci_8_10_lat-szczegoly-43739.html
Zajęcia plastyczne dla dzieci (8-10 lat),Klub Olsza,"Stanisława ze Skalbmierza 7, 31-436 Kraków",środa,17:30–18:15,8–10 lat,35 zł / zajęcia,https://krakowskieforum.pl/wydarzenie-3619-zajecia_plastyczne_dla_dzieci_8_10_lat-szczegoly-43652.html
Sekcja taneczna dla dzieci (10-12 lat),Klub Olsza,"Stanisława ze Skalbmierza 7, 31-436 Kraków",środa,18:00–19:00,10–12 lat,40 zł / zajęcia,https://krakowskieforum.pl/wydarzenie-3623-sekcja_taneczna_dla_dzieci_10_12_lat-szczegoly-43856.html
Klub Rodziców: Zajęcia logopedyczne | gr. I (dzieci niechodzące),Klub Olsza,"Stanisława ze Skalbmierza 7, 31-436 Kraków",czwartek,09:30,,2 zł,https://krakowskieforum.pl/wydarzenie-3594-klub_rodzicow_zajecia_logopedyczne_gr_i-szczegoly-43183.html
Klub Rodziców: Zajęcia logopedyczne | gr. II (dzieci chodzące),Klub Olsza,"Stanisława ze Skalbmierza 7, 31-436 Kraków",czwartek,10:30–11:15,,2 zł,https://krakowskieforum.pl/wydarzenie-3595-klub_rodzicow_zajecia_logopedyczne_gr-szczegoly-43191.html
"Klub Rodziców: Zajęcia umuzykalniające | gr. I (0-1,5 roku)",Klub Olsza,"Stanisława ze Skalbmierza 7, 31-436 Kraków",piątek,09:00,"0–1,5 roku",2 zł,https://krakowskieforum.pl/wydarzenie-3596-klub_rodzicow_zajecia_umuzykalniajace-szczegoly-44305.html
"Klub Rodziców: Zajęcia umuzykalniające | gr. II (1,5-3 lata)",Klub Olsza,"Stanisława ze Skalbmierza 7, 31-436 Kraków",piątek,10:00–10:45,"1,5–3 lat",2 zł,https://krakowskieforum.pl/wydarzenie-3597-klub_rodzicow_zajecia_umuzykalniajace-szczegoly-44316.html
