lp,grupa,zrodlo,adres,dlaczego_recznie,co_szukac,jak_czesto,kiedy,nastepne_sprawdzenie,minut,warto,uwagi,ostatnio_sprawdzone
1,"F. Kontrola automatu (nie źródło, ale stały obowiązek)",Wynik automatu: GitHub → Actions → „Repertuar kin i wydarzeń” → Summary,https://github.com/jarecka01-ctrl/frajdoplan/actions,"to nie źródło, tylko przegląd tego, co zrobił skrypt","źródło z błędem (czerwony przebieg), lista „Do weryfikacji” (tytuły do `wymus` albo `ukryj` w data/wyjatki.json), sekcja „Miejsca bez place_id”",co tydzień,"środa, po wtorkowym przebiegu automatu",2026-10-14,10,Tak,"Automat chodzi wt. i czw. wieczorem oraz w sob. rano. Rób przegląd w środę, żeby widzieć wtorkowy przebieg.",
2,A. Zakaz pobierania (robots.txt albo regulamin),Teatr Bagatela,https://bagatela.pl,robots.txt: Disallow: / dla wszystkich; skrypt nie pobiera,spektakle dla dzieci i rodzin w repertuarze miesiąca,raz w miesiącu,20. dnia miesiąca (planowanie następnego miesiąca),2026-10-20,15,Tak,Repertuar dla dzieci ocenione jako ciekawe. Do skryptu tylko za zgodą teatru.,
3,A. Zakaz pobierania (robots.txt albo regulamin),Teatr KTO,https://teatrkto.pl,robots.txt: Disallow: / dla wszystkich (choć ma publiczne API i iCal),dział „Dla dzieci”; terminy,raz w miesiącu,20. dnia miesiąca (planowanie następnego miesiąca),2026-10-20,15,Tak,"Część wydarzeń KTO jest już w KBF Bilety (np. SP4Kids); przed wpisem sprawdź kalendarz na stronie, żeby nie dublować. KTO jest w arkuszu „Miejsca”.",
4,A. Zakaz pobierania (robots.txt albo regulamin),Teatr Stary,https://stary.pl,robots.txt: Disallow: / dla wszystkich,spektakle rodzinne / dla młodzieży; bilety w bilety.stary.pl,raz w miesiącu,20. dnia miesiąca (planowanie następnego miesiąca),2026-10-20,10,Raczej tak,Repertuar głównie dla dorosłych; szukaj oznaczeń od 6–12 lat.,
5,A. Zakaz pobierania (robots.txt albo regulamin),Centrum Muzyki (centremusic.pl),https://centremusic.pl/program,robots.txt: Disallow: / dla wszystkich,koncerty rodzinne / dla dzieci,co kwartał,pierwszy poniedziałek kwartału,2027-01-04,10,Niski,Głównie dorośli.,
6,A. Zakaz pobierania (robots.txt albo regulamin),Auditorium Maximum UJ i cep.uj.edu.pl,https://uj.edu.pl,robots.txt: Disallow: / dla wszystkich,koncerty i wydarzenia rodzinne,co kwartał,pierwszy poniedziałek kwartału,2027-01-04,10,Niski,Rzadko coś dla dzieci.,
7,A. Zakaz pobierania (robots.txt albo regulamin),kupbilecik.pl,https://kupbilecik.pl,zakaz automatycznego pobierania (zasada w projekcie),nie szukaj tu osobno; to sprzedawca biletów,co kwartał,pierwszy poniedziałek kwartału,2027-01-04,5,Niski,"Wydarzenia, które tu zobaczysz, sprawdzaj u organizatora i dopiero stamtąd wpisuj.",
8,A. Zakaz pobierania (robots.txt albo regulamin),biletomat.pl i serwisy KICKET,https://biletomat.pl,czekamy na odpowiedź w sprawie współpracy (zasada w projekcie),nie szukaj tu osobno; to sprzedawca biletów,co kwartał,pierwszy poniedziałek kwartału,2027-01-04,5,Niski,"Teatr Współczesny sprzedaje przez biletomat, ale terminy mamy już z jego strony.",
9,A. Zakaz pobierania (robots.txt albo regulamin),Facebook i Instagram instytucji,https://facebook.com,zakaz pobierania w projekcie,"3 domy kultury, które mają ofertę tylko na Facebooku",raz w miesiącu,20. dnia miesiąca (planowanie następnego miesiąca),2026-10-20,20,Raczej tak,Lista tych 3 wierszy jest w arkuszu „Miejsca” (domy kultury tylko na Facebooku). Czytasz ręcznie jak zwykły użytkownik.,
10,B. Blokada techniczna lub wątpliwa zgoda,"Cinema City (Bonarka, Kazimierz, Zakopianka)",https://www.cinema-city.pl,regulamin: „wszelkie inne dane” nie powinny być powielane bez zgody; skrypt nie pobiera (w kafelku są stałe linki),czy linki w kafelku „Dziś w kinach” działają; odpowiedź kina na prośbę o zgodę,raz w miesiącu,20. dnia miesiąca (planowanie następnego miesiąca),2026-10-20,5,Tak,Ok. 286 seansów dla dzieci tygodniowo: NIE wpisuj ich ręcznie. Najlepsze rozwiązanie to zgoda kina na pobieranie godzin (to dla nich darmowa reklama). Nowy tydzień kin zaczyna się w piątek.,
11,B. Blokada techniczna lub wątpliwa zgoda,Multikino Kraków,https://multikino.pl/repertuar/krakow,zabezpieczenie Cloudflare (403); nie omijamy,czy link w kafelku „Dziś w kinach” działa,raz w miesiącu,20. dnia miesiąca (planowanie następnego miesiąca),2026-10-20,5,Raczej tak,Jak wyżej: nie wpisuj seansów.,
12,B. Blokada techniczna lub wątpliwa zgoda,Opera Krakowska,https://opera.krakow.pl/repertuar,HTTP 403 z serwerów GitHub Actions; moduł wyłączony (`wlaczone: false`),rodzaje „Dla dzieci” i „Spektakl rodzinny”; warsztaty „Duszek w Operze”,raz w miesiącu,20. dnia miesiąca (planowanie następnego miesiąca),2026-10-20,10,Tak,Jedna z największych pozycji świątecznych: „Nowa Opowieść Wigilijna” (listopad–grudzień). Co sezon sprawdź też w październiku i listopadzie.,
13,B. Blokada techniczna lub wątpliwa zgoda,Opera Kameralna,https://kok.art.pl/repertuar,"głównie archiwum, brak bieżących terminów dla dzieci",bajki / spektakle rodzinne,co kwartał,pierwszy poniedziałek kwartału,2027-01-04,5,Niski,,
14,B. Blokada techniczna lub wątpliwa zgoda,Bunkier Sztuki,https://bunkier.art.pl,HTTP 403 (blokada ruchu automatów),"warsztaty rodzinne, niedziele",raz w miesiącu,20. dnia miesiąca (planowanie następnego miesiąca),2026-10-20,10,Raczej tak,,
15,B. Blokada techniczna lub wątpliwa zgoda,Nowohuckie Centrum Kultury (12 miejsc),https://krakownh.pl,"robots.txt zwraca błąd 500, więc nie pobieramy",kluby NCK: zajęcia i imprezy dla dzieci,raz w miesiącu,20. dnia miesiąca (planowanie następnego miesiąca),2026-10-20,20,Tak,"Kwartalnie sprawdzamy, czy robots.txt się naprawił (wtedy do skryptu).",
16,B. Blokada techniczna lub wątpliwa zgoda,Młodzieżowe domy kultury (10 stron),https://mdk.krakow.pl,część odmawia (mdk-dh 403) lub jest niedostępna; reszta niezbadana,oferta i wydarzenia dla dzieci,raz w miesiącu,20. dnia miesiąca (planowanie następnego miesiąca),2026-10-20,30,Raczej tak,"Pozwalają: mdk.krakow.pl, mdkkorczak.pl, mdkgrunwaldzka5.pl, mdkna102.krakow.pl, cmjordan.krakow.pl. mdkna102 ma kalendarz Tribe Events (kandydat do automatu).",
17,C. Brak użytecznych danych dla skryptu,eBilet (rodzina → dla dzieci),https://www.ebilet.pl/rodzina/miasto/krakow,"regulamin szary (zakaz botów do zakupu), trasy ogólnopolskie z listą miast","trasy dla dzieci w Krakowie (np. Teatr Baniek Mydlanych, Szaleni Naukowcy)",raz w miesiącu,20. dnia miesiąca (planowanie następnego miesiąca),2026-10-20,15,Tak,Kategorie „Dla dzieci / Teatr dla dzieci / Widowiska dla dzieci”. Sprawdzaj też przed sezonem. Do rozważenia: prośba o feed partnerski.,
18,C. Brak użytecznych danych dla skryptu,Eventim,https://www.eventim.pl,nie sprawdzony (nie udało się pobrać robots.txt),"widowiska rodzinne, trasy (Disney, widowiska na lodzie)",raz w miesiącu,20. dnia miesiąca (planowanie następnego miesiąca),2026-10-20,10,Raczej tak,,
19,C. Brak użytecznych danych dla skryptu,Going,https://going.pl,brak publicznej listy (tylko aplikacja),nie szukaj,co kwartał,pierwszy poniedziałek kwartału,2027-01-04,5,Niski,Możesz pominąć.,
20,C. Brak użytecznych danych dla skryptu,Teatr Magic,https://teatrmagic.pl,"brak kalendarza, tylko oferta bajek dla przedszkoli i szkół",czy pojawiły się terminy otwarte,co kwartał,pierwszy poniedziałek kwartału,2027-01-04,5,Niski,,
21,C. Brak użytecznych danych dla skryptu,Kijów.Centrum: wydarzenia inne niż seanse,https://kijow.pl/wydarzenia/,wpisy blogowe bez stałych pól (data w tytule); wymagałoby AI,poranki i wydarzenia dla dzieci poza seansami,raz w miesiącu,20. dnia miesiąca (planowanie następnego miesiąca),2026-10-20,10,Niski,Dotąd nic dla dzieci tam nie było.,
22,C. Brak użytecznych danych dla skryptu,Dworek Białoprądnicki (8 klubów),https://dworek.eu,"brak oznaczenia „dla dzieci”, wymagałoby AI lub ręcznej listy","warsztaty, koncerty, zajęcia dla dzieci w klubach",raz w miesiącu,20. dnia miesiąca (planowanie następnego miesiąca),2026-10-20,20,Tak,,
23,C. Brak użytecznych danych dla skryptu,Muzeum Inżynierii i Techniki (MIT),https://mit.krakow.pl/wydarzenia/,"brak oznaczenia wieku, wymagałoby AI","warsztaty rodzinne, zajęcia dla dzieci",raz w miesiącu,20. dnia miesiąca (planowanie następnego miesiąca),2026-10-20,10,Raczej tak,,
24,"D. Możliwe w przyszłości, dziś nie zbudowane",Muzeum Narodowe w Krakowie (MNK),https://mnk.pl/wydarzenia/,"robots pozwala, ale moduł niezbudowany (filtr „Rodzice i dzieci”)","warsztaty rodzinne, oprowadzania dla rodzin, weekendy",co tydzień,"środa, po wtorkowym przebiegu automatu",2026-10-14,10,Tak,Kandydat do automatu (razem z kafelkiem „Wystawy dla dzieci”).,
25,"D. Możliwe w przyszłości, dziś nie zbudowane",Muzeum Krakowa,https://muzeumkrakowa.pl/kalendarium,"robots pozwala, moduł niezbudowany (filtr „spotkanie dla dzieci”, „warsztaty”)",warsztaty i spotkania dla dzieci (14 oddziałów),co tydzień,"środa, po wtorkowym przebiegu automatu",2026-10-14,10,Tak,Kandydat do automatu.,
26,"D. Możliwe w przyszłości, dziś nie zbudowane","Pozostałe muzea (ok. 35: Cogiteon, MOCAK, Cricoteka, Manggha, Muzeum Lotnictwa, Muzeum AK, Muzeum Archeologiczne, Muzeum Farmacji, MuFo, Muzeum Witrażu, Apilandia, Wawel, Etnograficzne i inne)",różne domeny,niezbadane szczegółowo,"warsztaty rodzinne, zajęcia dla dzieci",raz w miesiącu,20. dnia miesiąca (planowanie następnego miesiąca),2026-10-20,40,Raczej tak,"Rób rundę rotacyjnie: co miesiąc inne 8–10 muzeów, żeby w kwartale przejść wszystkie.",
27,"D. Możliwe w przyszłości, dziś nie zbudowane","Pojedyncze domy kultury (DK Nowy Bieżanów, Zacheta Nowy Prokocim, MCK, Krakowiacy, Calasanz)",https://dknowybiezanow.pl,niezbadane szczegółowo; dknowybiezanow.pl ma schema.org Event (łatwy do automatu),imprezy i zajęcia dla dzieci,raz w miesiącu,20. dnia miesiąca (planowanie następnego miesiąca),2026-10-20,20,Raczej tak,Krakowiacy: krakowiacy.art.pl; Zacheta: zacheta.nowyprokocim.pl; MCK: mck.krakow.pl.,
28,"D. Możliwe w przyszłości, dziś nie zbudowane",Karnet (karnet.krakowculture.pl),https://karnet.krakowculture.pl,domena nie była dostępna podczas rozpoznania,miejska agenda: część „dla dzieci”,raz w miesiącu,20. dnia miesiąca (planowanie następnego miesiąca),2026-10-20,15,Tak,Dobry „przegląd z lotu ptaka” przed zaplanowaniem miesiąca.,
29,"D. Możliwe w przyszłości, dziś nie zbudowane","MICET, Muzeum Kościuszkowskie (kopieckosciuszki.pl)",https://micet.pl,niedostępne podczas rozpoznania,warsztaty i imprezy rodzinne,raz w miesiącu,20. dnia miesiąca (planowanie następnego miesiąca),2026-10-20,10,Raczej tak,,
30,"D. Możliwe w przyszłości, dziś nie zbudowane",Łaźnia Nowa,https://laznianowa.pl/wydarzenia,"robots pozwala, ale prawie nic dla dzieci (nie zbudowano)",przegląd „Mała Boska Komedia” i pojedyncze spektakle,co kwartał,pierwszy poniedziałek kwartału,2027-01-04,5,Niski,,
31,"D. Możliwe w przyszłości, dziś nie zbudowane",krakow.pl „Kraków dla dzieci”,https://www.krakow.pl,"moduł gotowy, ale wyłączony (powtórki innych źródeł, brak godzin i miejsc)",duże imprezy miejskie dla rodzin (np. plenerowe),raz w miesiącu,20. dnia miesiąca (planowanie następnego miesiąca),2026-10-20,10,Raczej tak,Przeglądaj pod kątem dużych imprez; drobnych nie wpisuj.,
32,E. Sezonowe (nie jedno źródło),Ferie zimowe i wakacje,"strona Małopolskiego Kuratora Oświaty + oferty domów kultury, MDK, muzeów",oferty feryjne i półkolonie ogłaszane z wyprzedzeniem; nie ma jednego źródła,"daty ferii, półkolonie, warsztaty feryjne",sezonowo,6–7 tygodni przed feriami lub wakacjami,2026-11-18,60,Tak,"Daty ferii sprawdź na stronie kuratorium. Półkolonie dodawaj do arkusza „Miejsca”, nie „Wydarzenia”.",
33,E. Sezonowe (nie jedno źródło),"Mikołajki, jarmark bożonarodzeniowy, Boże Narodzenie","strony miasta, Opery, Filharmonii, teatrów",imprezy świąteczne ogłaszane od listopada,"Mikołajki 6 grudnia, jarmark, spektakle świąteczne, koncerty",sezonowo,ok. 5 tygodni przed Mikołajkami (6 grudnia),2026-11-04,45,Tak,Pierwszy termin: 4 listopada.,
34,E. Sezonowe (nie jedno źródło),"Duże imprezy plenerowe (Dzień Dziecka, Noc Muzeów, piknik, festyny)",strony miasta i instytucji,daty i programy ogłaszane z wyprzedzeniem,"imprezy rodzinne (festyn, jarmark, pokaz)",sezonowo,6–7 tygodni przed wiosną i latem,2027-04-05,30,Raczej tak,Sprawdzaj ok. 6 tygodni przed wiosną i latem.,
