tytul,akcja,zrodlo,uwaga
Dzieci z Bullerbyn,pokaż,,
Folwark zwierzęcy,ukryj,,
Pippi,pokaż,ludowy,
Calineczka,pokaż,ludowy,
Pyza na polskich dróżkach,pokaż,ludowy,
Królowa Śniegu,pokaż,ludowy,
Kulawa kaczka i ślepa kura,pokaż,ludowy,
Lokomotywą przez świat,pokaż,ludowy,
Trik Patryka,pokaż,ludowy,
Mały Książę,pokaż,ludowy,
Debata: Czy życie literackie,ukryj,ckpodgorza,
Poezja z Podgórza,ukryj,ckpodgorza,
Kryminalna Poezja Migowa,ukryj,ckpodgorza,
Wernisaż wystawy,ukryj,ckpodgorza,
Podgórski spacer literacki,ukryj,ckpodgorza,
Kiszonki - fermentacja,ukryj,ckpodgorza,
Pracownia drugiego obiegu,ukryj,ckpodgorza,
Halloween w Grotesce,pokaż,groteska,
Klops,pokaż,groteska,
Kołysanka dla myszy,pokaż,groteska,
Krakowski Salon Literacki,ukryj,groteska,
Synchronizacja w Birkenwald,ukryj,groteska,
Michał Korkosz,ukryj,groteska,
Duszek w Operze,pokaż,opera-krakowska,
Harlem Globetrotters,pokaż,tauron-arena,
Home Alone Live in Concert,pokaż,tauron-arena,
